,kdRatio
538,4.066666666666666
2793,1.7279305354558612
2574,55.275
1272,1.5685131195335278
1862,1.1875
1378,7.915492957746477
426,2.9678899082568813
61,0.0
489,0.0
160,5.590909090909091
1177,1.4577777777777778
2795,1.2777777777777777
2718,1.8583638583638584
909,5.106060606060606
3115,1.8646864686468647
288,0.5815602836879432
1950,6.659863945578233
1489,3.3506493506493507
2879,0.7733333333333333
3218,1.5511811023622046
939,1.0893203883495146
715,2.9898989898989905
2443,1.6581196581196582
353,3.5147679324894514
2494,0.2222222222222222
222,1.765625
286,0.6621315192743764
2536,0.2334710743801653
2090,1.4056603773584906
2672,1.8900862068965518
2378,13.666666666666664
2850,1.4715099715099715
1567,0.797979797979798
784,1.8421985815602842
3192,1.8061901252763448
1494,0.0
881,2.5555555555555562
3047,1.0
3339,2.2769485903814264
3052,2.6487638533674343
1386,4.0
414,0.0
2239,0.0
2604,1.25
3300,2.6910656620021527
2680,0.6862170087976539
1085,1.7372013651877134
1607,1.1333333333333333
136,4.715133531157268
2045,1.3523131672597866
3104,1.5461741424802111
2918,2.25
262,0.0
1562,1.4404761904761905
731,3.4162520729684918
901,4.203947368421051
1375,0.8888888888888888
62,10.918032786885245
3493,1.6929133858267718
1427,2.793388429752066
1054,3.0
2749,1.6
271,1.9257425742574257
1912,2.8
529,2.2753036437246963
2335,2.359289617486339
3110,2.0866247755834832
3317,2.3468118195956453
1441,1.7859237536656891
623,1.0
549,1.0152284263959392
617,2.0859259259259257
888,3.6614785992217898
1245,0.6976744186046512
1605,0.8378378378378378
139,9.848
1134,2.5704545454545453
3105,1.9069767441860463
2218,1.0727272727272728
1383,0.3478260869565217
906,4.5602605863192185
1966,2.023130715438408
1511,2.083850931677018
668,0.9715447154471544
3480,0.8852772466539197
3568,0.0
2164,2.8571428571428568
2490,1.6666666666666667
1984,0.5789473684210527
2278,1.1886792452830188
2169,0.8231046931407943
1415,1.3376623376623376
2485,1.09
1517,1.8087431693989071
175,2.75
1263,1.6666666666666667
1609,1.903225806451613
1401,0.0
1822,1.4431486880466473
926,5.6394557823129245
2829,1.3407792207792208
3244,2.0
1789,3.136986301369863
2657,1.76
3075,1.598360655737705
1957,1.1964679911699778
3050,1.615819209039548
3174,3.1953232462173315
1528,0.0
2283,1.3918770581778266
3569,0.0
2151,1.0415913200723328
2959,1.714705882352941
1283,1.3188854489164086
3190,1.5541984732824428
2237,2.241234221598878
1544,1.74
389,0.5373134328358209
1003,0.0
199,2.21484375
2477,1.650632911392405
2989,0.5384615384615384
1952,6.729166666666668
2877,1.6859653075016896
1038,1.958100558659218
1656,0.8623853211009175
1443,0.6136363636363636
660,1.1009758167161643
2876,1.4232142857142858
373,9.47191011235955
1621,1.5853998085791352
1589,1.1375921375921376
2654,2.9103773584905666
714,3.4813664596273286
1387,0.25
2508,1.6621761658031091
167,4.916666666666667
2393,2.076532295309098
2385,1.4481012658227848
2598,13.0
59,0.0
2627,1.4872611464968153
1063,1.0
2350,1.4536423841059605
470,0.8
3041,0.0
1345,5.804878048780488
3395,1.3440968718466195
828,0.0
3551,0.0
1557,0.9571984435797666
3167,2.6241379310344826
2567,2937.0
2692,2.5320855614973263
2746,2.2
3263,1.4
2122,2.1470588235294117
2760,1.2027334851936218
1062,2.004531722054381
1237,3.5
1330,2.6842105263157894
2595,2.4589371980676327
1718,3.0
644,1.987673343605547
1571,1.160621761658031
2797,1.641008174386921
3275,2.691211401425178
2110,0.0
2885,1.3464373464373465
2605,0.2
1201,2.1586538461538463
331,0.0
1992,1.8974358974358967
1860,2.337278106508876
1257,4.779759519038077
1739,4.605633802816901
2873,1.5132743362831858
1255,1.0528846153846154
2270,0.5168316831683168
1634,1.5789473684210529
2667,2.16
2465,1.6462467644521142
3261,1.8710865561694288
337,1.1088825214899714
833,0.6061643835616438
3509,1.803463203463204
154,3.133792048929663
857,52.66666666666666
430,3.0
1455,1.3849315068493149
1221,1.879518072289157
1045,0.0
2724,1.7735849056603774
2902,0.6882793017456359
2666,1.80859375
1694,1.7741935483870968
810,3.051282051282051
2461,1.6594059405940593
147,3.443438914027149
2665,1.4777327935222673
2960,1.5084745762711864
3517,1.0650835532102023
1046,0.5179856115107914
3311,2.0685920577617334
556,1.296875
2027,0.0
2544,2385.0
3389,2.431137724550898
2770,1.2727272727272727
3615,1.8685567010309283
241,1.7504424778761063
1005,0.0
209,3.2337662337662336
3578,0.0
3580,0.0
2419,2.0
2375,0.0
1013,2.1022480058013047
2301,1.3574993433149465
838,1.6045016077170418
398,1.04
354,2.260038240917781
1555,0.25
2402,2.1029411764705883
1585,1.5239726027397258
3611,1.7876254180602007
3268,1.9134615384615383
465,5.301310043668122
802,1.3139097744360901
2516,1.5676470588235294
1306,1.5123152709359606
2664,1.905109489051095
1710,2.4878048780487805
3338,2.318807339449541
3479,0.9079189686924494
1421,2.2896825396825395
536,4.622137404580153
1715,2.49609375
383,1.5
3550,0.0
1700,1.7064777327935223
3470,1.4427844882390335
3357,2.347826086956522
610,1.7931034482758617
1722,1.1764705882352942
2822,1.1310615989515072
2847,0.3712699514226232
2503,1.269326683291771
94,31.407407407407412
1268,1.2036082474226804
2702,0.7901234567901234
2314,1.5943852855759924
1917,3.2944550669216066
664,1.601328903654485
1053,3.0319148936170213
506,0.0
3152,1.0
1218,1.2583333333333333
2607,0.0
2967,1.85720823798627
107,0.0
2115,1.3870967741935485
3526,1.7272727272727273
2420,2.761290322580645
3570,0.0
2321,2.4923857868020303
3034,0.0
8,14.515151515151516
2955,0.0
816,1.5311111111111106
588,6.688481675392669
2925,1.6388888888888888
821,1.008849557522124
2329,1.0569105691056908
889,1.0
2518,1.2120640904806783
1001,2.0
382,2.2
1308,1.6469838572642308
2704,1.9019607843137247
993,1.6875
938,5.672727272727273
1497,1.6825053995680346
2506,1.4541516245487365
2777,0.8978534418948927
2123,2.5818965517241383
2406,3.668202764976959
2319,0.0
193,2.4806201550387597
2681,0.0
2138,6.0
1642,1.2506963788300836
3423,1.2941176470588236
1964,0.16666666666666666
2157,2.4353233830845773
966,27.55813953488372
3069,1.3818181818181818
1329,1.6873126873126874
3355,2.8693693693693687
2986,3.217391304347826
3081,1.9214780600461887
2511,1.4734491315136475
3114,2.3038277511961724
335,9.020408163265307
3117,2.1513513513513507
3136,1.1995412844036697
2471,2.421818181818181
1546,1.0845070422535212
3068,2.1149425287356323
2502,1.2656565656565657
1857,1.6840579710144927
2287,1.1875637104994905
2941,1.2905982905982911
3387,1.2164343360234775
467,0.0
50,4.170731707317073
946,0.7777777777777778
386,2.0
3037,3.294117647058824
882,2.029126213592233
79,3.163865546218488
52,2.962406015037594
920,4.194630872483222
229,0.0
2592,3.193939393939394
2782,0.0
3559,0.0
971,1.3526170798898072
133,5.333333333333333
407,3.25
1403,2.2463576158940404
2422,1.7837837837837838
2410,1.3575581395348837
3553,0.0
1985,2.941747572815534
633,2.1964285714285716
3327,1.1268115942028984
890,1.5522388059701493
1158,0.3902053712480253
2057,1.287719298245614
806,1.6243093922651934
2290,1.4127187366623986
83,3.910614525139665
3067,1.475
1116,0.7696629213483146
399,2.44
3487,0.21134020618556695
2061,1.407676348547718
221,1.3441396508728178
2642,2.3043478260869565
2548,124.04166666666669
2983,3.28125
541,5.5
3542,0.0
2117,2.4601769911504423
3123,2.038265306122449
3421,1.4698795180722892
1888,0.0
1730,2.7006507592190894
2733,2.281927710843373
420,9.5
1913,2.4632152588555862
1902,2.7690447400241838
235,1.629518072289157
2972,1.5277777777777777
1064,1.33852140077821
999,2.4864864864864864
3202,1.8811881188118809
1358,2.0396341463414642
1216,1.9298758217677137
36,2.9950980392156863
2862,1.3016858917480036
2370,1.7227272727272729
3455,2.033678756476684
2273,1.1647331786542925
1827,1.5899053627760251
2894,1.5466867469879515
110,4.762820512820513
702,1.688622754491018
690,1.5386740331491713
1095,1.9263803680981595
1361,1.0973036342321218
3286,0.64
2492,0.6423841059602649
2787,1.4390243902439024
2365,3.1631205673758864
1978,0.9
2125,1.1875
780,0.9421052631578948
2368,1.0
1830,1.6727272727272726
3280,2.3742110009017128
3187,1.8992537313432842
3448,1.6145251396648044
2478,3.948275862068965
429,1.398671096345515
3239,1.734860883797054
1373,5.112903225806452
2482,2.0390189520624302
1774,1.8128342245989304
2524,1.2804659498207884
1279,0.87
1262,1.3676622039134911
3181,2.357142857142857
42,0.0
2968,1.3542435424354244
1788,2.645790200138026
1115,0.8
2573,2.0
2833,1.0860289057123194
1719,1.2413793103448276
1185,1.9246713852376136
3283,2.3367875647668392
759,2.7648578811369515
2543,390.0
2133,1.7809523809523808
2249,3.105022831050228
1476,2.6857142857142855
2884,1.4147990039131981
3090,1.3448275862068966
1498,2.5
1197,1.5726495726495726
2617,0.0
1450,1.5825242718446602
1911,2.4093567251462
2856,1.8643067846607668
3431,1.1686746987951808
2924,1.8881431767337808
3382,0.903041825095057
1598,2.2003424657534247
3530,0.0
3184,0.0
2104,2.0038910505836576
3178,3.4545454545454546
1168,1.68
2266,1.2868020304568528
1542,1.4806094182825484
2784,1.9087389380530968
1206,2.0659025787965617
3536,0.0
1233,1.25
801,0.5224806201550387
2748,2.5483870967741935
1743,5.0
3383,1.2272727272727273
3584,0.0
3172,2.9472049689441002
3234,1.5669902912621358
370,8.11111111111111
539,3.868852459016393
202,4.214285714285714
834,1.1346153846153846
3035,1.7037037037037035
859,1.4413145539906105
1573,1.6982456140350877
2431,2.019390581717452
1483,2.253061224489796
191,2.309605488850772
3259,2.2948207171314743
1363,4.3389830508474585
2277,0.9819458375125376
2870,1.38
47,8.823529411764708
269,1.6206896551724137
912,0.3333333333333333
3118,2.3216783216783217
1069,2.5157894736842104
127,2.6
632,1.7307692307692308
2432,1.7047353760445685
109,2.9514563106796117
446,1.925
3427,7.5
2240,0.823076923076923
997,1.4117647058823528
352,7.338028169014086
3354,2.8142857142857145
3412,1.0961810466760962
2572,3.7341176470588233
1977,0.0
460,1.9101469080970281
3552,0.0
1556,0.0
583,2.866120218579235
1303,1.125
3640,0.7222222222222222
2430,43.0
2586,0.0
657,1.4942019099590722
3385,0.9435028248587572
805,1.3878865979381445
2785,1.6408450704225352
599,2.7222222222222223
3269,2.5239852398523985
1183,0.0
1887,0.0
463,1.9768856447688563
2889,1.44
2083,1.7274868635622396
1689,1.4581497797356828
835,0.3815461346633416
2345,15.563218390804598
1991,1.9142857142857144
910,5.060728744939271
796,1.4828897338403042
2014,2.3359375
2105,1.1923076923076923
739,4.007653061224491
3371,1.8923766816143497
511,2.8035413153457003
1275,1.6494252873563218
338,0.3561643835616438
1106,0.0
227,1.6905660377358491
3007,2.727272727272727
3064,0.2549019607843137
281,1.9628252788104088
2389,1.1560509554140128
3314,2.495049504950495
2587,305.0
1615,0.9454545454545454
1159,1.8881431767337808
1720,1.808333333333333
2635,3.494155154091392
448,2.7326203208556152
287,0.9479166666666666
1961,1.462797619047619
593,1.3519417475728157
1608,1.0
1708,0.4778225806451613
1852,2.4833333333333334
1526,1.5863377609108158
3589,2.028985507246377
1087,2.2606060606060607
3335,2.6851780926847946
3292,2.137839628893307
831,2.533333333333333
1022,2.5105105105105103
953,2.8846153846153846
2409,2.1846209648168298
23,3.453892215568862
1825,1.9293680297397768
2216,5.03125
2851,1.5338645418326693
1954,29.5
3560,0.0
1749,3.3905325443786984
2984,0.0
650,1.5583333333333331
1452,1.6415094339622642
27,5.560869565217391
2242,0.6806806806806807
2459,1.740225890529974
942,1.3825136612021858
1205,1.9307116104868915
3253,1.9147286821705427
3023,0.0
171,1.4485294117647058
867,1.7089678510998307
438,26.055555555555557
2303,1.1916890080428957
732,2.6993464052287583
2933,1.68
2060,1.9423076923076923
500,4.741379310344827
1010,1.1276978417266188
1031,2.1179458239277653
1850,2.0134615384615384
3378,0.5578947368421052
760,3.975862068965517
2685,1.4080459770114941
710,0.0
3308,0.9976275207591934
2646,0.0
3592,1.404040404040404
723,2.9855072463768115
119,2.8375
727,2.5551075268817205
2550,303.3333333333333
1604,1.371900826446281
174,3.9418604651162794
2703,2.0122249388753057
1074,2.3457364341085265
2268,0.4693877551020408
771,1.2693498452012384
362,2.2805555555555554
1091,3.044117647058824
2458,3.0595238095238093
113,7.886666666666668
2313,0.4341736694677871
3514,1.8556962025316448
87,1.0
210,0.0
359,1.1983471074380163
3367,1.6288659793814433
2055,1.6807628524046434
124,3.518987341772152
164,1.1347708894878703
2792,1.1855203619909502
2003,1.2063492063492065
3564,0.0
1527,1.5347222222222223
2153,2.638968481375358
2901,1.8757016840417
1897,2.8640611724723875
636,2.1294363256784967
2621,1.8165322580645158
2168,1.2520325203252032
1470,1.7422969187675068
1299,1.2206572769953052
3087,1.9986320109439124
2701,0.0
1702,1.1634615384615383
1832,1.1521739130434785
2734,2.6448598130841123
2614,2.318982387475538
1785,0.9906832298136646
2535,0.0
1909,0.0
1269,1.4415584415584417
684,1.8955696202531649
3604,1.3317725752508358
2190,1.7328519855595668
1667,3.0
2377,29.11111111111111
1253,2.8955637707948245
2300,0.0
2552,38.66666666666666
642,2.5998201438848922
3242,2.8181818181818183
213,2.9444444444444446
2991,0.0
1315,1.1977124183006536
2251,0.0
2717,0.0
259,2.2557840616966582
1210,1.4972527472527473
1278,0.3888888888888889
3158,2.0212765957446805
494,9.169230769230767
100,4.666666666666667
639,1.8951048951048952
2437,1.7545454545454546
3305,3.2711864406779663
1777,1.5
2013,2.2857142857142856
297,1.7334200260078023
1858,2.201680672268908
1879,2.2089552238805967
251,1.8567073170731707
2687,2.4285714285714284
260,1.608534322820037
1239,3.1742424242424243
1423,2.0
264,1.9159663865546217
339,0.08235294117647059
3171,2.7109826589595376
591,4.017341040462428
1114,0.9806451612903224
891,0.0
3173,3.2758620689655173
219,0.6559139784946236
1924,2.513227513227513
3349,2.448087431693989
618,1.1607142857142858
3135,1.3436241610738255
3488,0.4153846153846154
138,6.799212598425197
325,0.0
1849,2.058279370952821
2912,1.779600357888458
2403,2.113924050632912
2845,1.5126475548060707
557,0.5942028985507246
3240,0.0
2699,3.0823529411764707
2455,1.9648058252427183
276,1.76661514683153
1955,2.0083945435466948
788,1.358649789029536
2756,0.0
1812,2.1390845070422535
419,1.933333333333333
1784,1.4
1447,0.0
2106,0.25
2584,0.0
3092,2.1419141914191417
2644,3.0588235294117645
2272,0.0
1975,9.5
204,1.5168067226890756
192,1.7238542890716804
73,19.5
404,2.212681436210848
646,1.173913043478261
1592,1.1829896907216495
3345,2.1683848797250858
2358,3.4714828897338403
2817,1.3827160493827158
845,1.7906976744186047
1012,1.9417927823050056
2264,1.0074257425742574
1395,1.1224489795918366
1365,5.056603773584905
2226,0.8832236842105263
2824,0.8345070422535211
2928,1.8911764705882352
224,2.049504950495049
1613,1.248031496062992
2006,1.9215686274509804
2810,5.5
3112,2.2664233576642334
2221,0.0
3066,2.150537634408602
334,1.9629629629629632
2608,2.352
2001,1.3657858136300418
2480,3.0815217391304346
2265,1.2448036951501156
1997,1.2352941176470589
2212,0.0
2496,1.255278310940499
2315,2.892116182572614
1568,1.252808988764045
2068,1.2556002297530156
761,4.6923076923076925
490,0.0
803,1.976426799007444
1043,2.2596153846153846
619,2.75
2414,0.0
2228,2.0089086859688194
2731,1.6463178294573644
1691,1.588785046728972
621,1.6909667194928684
3638,0.0
824,1.4180790960451977
2076,1.6435845213849287
2037,2.5
1748,3.5365853658536586
2940,1.7322834645669292
1844,2.0079042939542835
1916,2.876146788990826
1560,0.870020964360587
3398,0.5918153200419727
2618,1.5369458128078817
1926,1.875224416517056
3457,1.2324159021406729
2590,0.0
2690,2.8373015873015874
2030,1.5857538035961272
88,2.378787878787879
1480,1.6477832512315271
1524,1.3991769547325104
915,3.0674846625766867
1776,0.2
2820,1.4399185336048883
2541,4938.0
476,2.623233908948195
2155,1.4074074074074074
239,1.2470059880239521
3315,2.650684931506849
1118,1.3023255813953492
2148,3.1825396825396823
2077,1.302398331595412
162,0.0
2849,1.7196394686907022
941,1.3506493506493509
3199,1.1886792452830188
1757,2.960698689956332
734,3.38695652173913
2930,2.016304347826087
2772,0.0
1229,1.4507042253521127
2398,1.6464516129032258
637,1.8284518828451883
1770,1.0
1882,1.7580645161290325
2883,2.0
3226,2.4685792349726774
1584,2.0
298,1.784396244739398
1974,2.9547169811320755
2294,0.9540078843626808
1191,2.0
570,1.7337901950448076
1376,0.7533783783783784
652,1.451790633608815
3124,1.5605095541401277
515,3.03063178047224
712,5.039137380191693
2341,3.731707317073171
2937,0.8223684210526315
2971,2.0659025787965617
2367,12.10344827586207
1929,0.0
2992,0.5
1763,0.0
758,5.926553672316384
628,2.0724233983286906
2594,2.8026315789473686
1187,2.16962962962963
1293,1.5094736842105263
2658,1.1956521739130437
2821,1.29068673565381
80,7.290322580645161
2799,1.335907335907336
3169,2.1576227390180884
3072,1.2916666666666667
1854,2.5
1687,1.5209790209790208
2337,1.622093023255814
1500,0.0
3195,0.0
2284,1.4796898079763663
367,7.16326530612245
108,15.910891089108913
405,0.0
1469,1.4968944099378882
1340,0.8842592592592593
2611,5.753623188405798
1771,2.125
2012,2.382716049382716
348,2.657193605683837
2655,2.684647302904564
1090,2.3432529502308874
3321,1.0212765957446808
341,1.0902777777777777
2160,1.9825757575757577
1905,3.0041753653444685
854,2.9090909090909087
2954,1.881469115191987
1811,1.9209486166007903
3325,2.1163434903047094
745,1.222877358490566
807,1.7852487135506003
3310,2.3215859030837005
2509,1.6621052631578948
2771,0.0
1786,1.8171428571428567
2562,0.0
434,0.0
115,9.451923076923077
744,5.5151515151515165
3051,1.75
1084,2.015625
2298,1.3747099767981439
402,12.0
1848,1.9187418086500656
950,1.0985915492957747
592,2.3163841807909606
1295,1.4512893982808024
1289,1.4691848906560636
29,3.671232876712329
1398,2.89179104477612
1915,2.6175298804780875
1738,5.0
3623,1.9615384615384608
1025,0.6666666666666666
2783,1.553125
3404,1.5994908782350443
393,0.0
3179,1.6093023255813954
3620,1.9318697956093869
990,0.5632911392405063
379,0.0
3100,0.6806083650190115
842,1.3625
2405,1.850328947368421
3008,2.5701754385964914
1288,1.6842105263157894
3489,0.0
2046,1.6627358490566038
1107,1.9082969432314407
1740,5.607692307692307
2487,1.4047619047619049
2288,1.2323340471092077
57,34.9375
582,1.8072787427626136
3143,2.6531986531986536
392,0.0
428,2.6
2086,1.4220183486238531
3270,1.7972972972972974
306,0.5103734439834025
1316,1.4078549848942599
2289,0.0
3220,2.0361111111111105
1601,0.0
2579,0.0
974,9.201474201474204
2387,1.1347826086956525
2049,1.247282608695652
1178,1.2547425474254743
2208,1.0328947368421053
2577,0.5049864007252947
1793,2.938362260792167
2549,64.0
2099,2.258426966292135
77,0.0
242,2.533512064343164
3248,1.2179887570268582
3450,1.7821782178217822
1248,1.393093313739897
1725,2.609090909090909
1648,1.3202933985330074
12,0.9444444444444444
3518,1.4736842105263157
471,2.277310924369748
1301,1.3827160493827158
3309,2.4534161490683237
3252,0.0
1586,1.6542056074766356
3151,2.0443037974683542
3361,2.647058823529412
2723,1.3159509202453987
1015,2.1111111111111107
3483,1.33419689119171
125,2.353448275862069
3251,0.0
1065,1.3478260869565215
2600,3.698979591836735
1804,2.6475279106858056
2007,2.481717011128776
3133,1.977346278317152
1674,1.6521739130434785
2846,1.5914051841746248
1389,0.0
2088,1.152136752136752
153,2.9618644067796613
1100,0.0
2532,1.1771653543307086
1516,2.1105263157894742
3017,2.8729641693811074
1,13.0
1838,1.577319587628866
2311,0.0
2813,0.5908045977011495
1404,3.172566371681416
1780,1.5
1234,4.135627530364372
3471,1.6332518337408313
2126,3.467391304347826
2035,1.2716763005780347
3170,2.8740245261984394
1188,2.026809651474531
3576,0.0
1625,1.5660948536831485
725,2.7058823529411766
1242,1.4568958980968991
216,3.044943820224719
1754,4.132492113564669
3196,0.0
1967,2.3529411764705883
2399,1.806378132118451
2715,0.7
250,2.0460921843687374
3617,1.9379407616361075
1192,0.5875
233,0.6884615384615385
282,1.6434878587196469
3599,1.0
542,6.275714285714287
3297,2.7676240208877285
1894,2.392344497607656
2553,319.3333333333333
256,2.340764331210191
2274,1.1338983050847458
1172,0.8223684210526315
3203,1.0
998,1.6437125748502994
940,7.2089356110381075
2561,7.0
3459,1.73486328125
728,3.5717821782178216
1433,2.358620689655172
212,8.777777777777779
753,4.215158924205379
3330,1.8958333333333333
34,1.4158415841584158
1049,1.5897435897435896
1783,0.8027397260273973
1622,0.0
3466,1.259469696969697
1371,1.5530726256983238
508,3.333333333333333
441,3.5340909090909087
38,3.4625
105,33.31578947368421
3222,0.0
625,0.0
789,1.6838143036386448
1859,2.095849379546427
1603,1.375
751,1.8588007736943908
1481,1.3830455259026688
1713,3.554838709677419
2019,1.5
3116,1.836518046709129
551,1.088992974238876
474,2.412087912087912
1071,0.0
1799,1.0
1512,1.3876967095851216
2193,1.7580299785867235
1717,3.4166666666666665
2653,3.0253807106598987
2921,1.9415204678362568
2353,1.2420327304048235
1006,1.7547169811320755
3126,2.002642007926024
3454,4.666666666666667
2977,1.45
3025,1.7131782945736431
363,5.005988023952097
2678,3.5568181818181817
1637,1.3293135435992578
3014,2.393607305936073
832,40.375
3232,4.0
2631,1.098585690515807
485,1.8333333333333333
2999,1.7692307692307692
1989,1.3196202531645569
1475,0.0
135,4.222925457102672
2826,1.241635687732342
1820,0.4065934065934066
285,0.5560747663551402
2062,1.5823170731707317
2029,1.96989247311828
1472,2.440536013400335
2137,1.5263157894736843
648,2.519902765116986
2103,1.3214285714285714
2010,2.2974358974358973
1267,1.6967930029154519
3411,1.5618279569892473
3074,2.0140811455847256
3485,0.5539568345323741
1930,0.0
475,2.2406271301976823
2423,0.0
3562,0.0
3334,2.722715404699739
1173,0.0
2818,1.3555840821566107
481,2.4488143435511858
812,1.83625
1636,0.9508196721311476
3543,0.0
2234,1.3234011627906976
1969,1.6
675,1.1882716049382716
3458,3.2222222222222223
217,0.0
3146,4.208333333333333
1152,1.4883720930232558
1553,1.49375
2898,1.7326633165829146
248,2.0168224299065423
403,3.0
2872,0.9692307692307692
319,0.0
2843,1.6530226700251889
590,1.7428103811082534
2807,1.5
586,2.104265402843602
914,2.355987055016181
3065,2.0
2359,1.4479674796747968
1058,1.5543478260869563
1092,2.116504854368932
1895,2.121394230769231
2047,1.4967602591792657
3215,1.8282828282828285
873,1.5107913669064748
447,0.8888888888888888
2804,1.6842105263157894
2730,2.213664596273292
1650,15.0
2892,1.8632737894618585
1853,2.1161904761904764
2362,1.554524361948956
894,2.4344262295081966
2150,0.0
148,3.989425981873112
1893,2.257918552036199
3392,1.7081174438687392
165,3.947121034077556
1186,1.5696969696969696
2800,0.0
237,1.1395348837209305
3010,0.04477611940298507
571,2.5291005291005293
1927,1.916201117318436
3336,2.6989737742303306
3026,7.0
548,1.058974358974359
1123,1.3361486486486491
2339,2.1660130718954247
22,3.23321554770318
3482,1.2545871559633028
2446,1.6725067385444743
2639,4.197115384615385
528,3.617224880382775
230,0.8787878787878788
3149,2.1691394658753707
2578,1.0
2962,1.5726495726495726
3554,0.0
3463,1.617102137767221
886,3.73125
2944,2.0839694656488548
2711,1.3407601572739187
2357,1.3828085957021492
991,1.4444444444444444
3558,0.0
576,2.415584415584416
190,2.754621848739496
316,1.6256381168462848
2744,0.0
1666,2.0
2816,1.4097472924187726
2400,1.708041958041958
856,0.3955223880597015
1457,0.0
2040,1.4693877551020411
2263,0.0
2519,1.8158995815899581
3370,2.1111111111111107
3522,1.2911051212938005
3254,2.3282051282051284
3082,2.0370370370370368
2939,1.5061475409836065
499,4.0920245398773005
1619,1.5340909090909092
1124,1.5964125560538116
366,7.0594059405940595
3331,2.6349206349206344
2075,1.7382336396024751
1724,2.7611940298507465
917,2.252293577981652
2668,2.056338028169014
3527,0.0
577,1.9624060150375944
375,17.333333333333332
696,1.8843537414965987
3097,0.5951219512195122
3164,3.1812297734627832
106,0.0
3499,2.7777777777777777
3442,1.4398907103825136
863,1.2230452674897119
952,1.5144508670520231
984,6.290322580645161
2615,3.8571428571428568
53,0.0
1877,1.9819277108433733
445,3.0312862108922363
3631,2.190243902439025
303,1.6843345111896348
2080,1.2732316227461862
183,1.4736842105263157
2178,1.7560106856634017
2475,1.8456973293768544
2064,0.0
3307,1.75
3461,1.6345870206489677
1366,1.3030660377358492
2215,2.452
70,4.451327433628318
2812,0.0
866,1.6424278846153846
1354,0.5443645083932853
1037,2.0628571428571427
2659,2.0526315789473686
2141,2.6209150326797386
841,2.07035175879397
1093,2.625
962,2.5792
2557,1.0
2978,0.0
922,3.7944444444444434
3200,1.4520958083832336
304,1.9140811455847253
1292,1.3772413793103448
1184,1.8573743922204209
987,2.0181159420289854
2154,2.0798319327731094
3264,1.7602739726027397
10,1.8063063063063065
3188,2.5730337078651684
2201,1.7777777777777777
836,0.5286103542234333
527,3.1346153846153846
3441,1.4101382488479262
2837,1.6386861313868613
1140,1.3832752613240418
546,0.0
225,2.0
3416,1.6768707482993197
685,1.8626292466765144
1936,1.2777777777777777
2661,0.0
1948,4.772151898734177
2100,1.5681818181818181
1899,2.5972222222222223
1581,1.454852004496066
2196,1.7849604221635884
1655,1.4215686274509804
2454,1.5856502242152466
2333,1.0761316872427984
2448,1.5
1685,1.9168937329700275
1570,1.2890995260663507
2191,1.860050890585241
3245,1.6394293125810635
3567,0.0
1681,1.8235294117647056
782,0.0
2560,6.061181434599156
3561,0.0
823,1.4577464788732395
1446,0.7608695652173914
2527,0.99438202247191
2296,0.9862637362637364
3433,2.0
2500,0.9956140350877192
3043,0.0
2957,0.5875
2551,0.0
3351,2.9133333333333336
1818,0.0
1520,1.2666666666666666
2445,1.85
2280,1.4382
3476,0.8532258064516128
141,3.812987012987013
3038,1.9866666666666664
1987,1.927927927927928
3058,2.240399385560676
1322,0.9959239130434784
2052,0.0
2028,1.4564220183486238
1039,1.6153846153846154
2737,1.5629370629370634
1473,1.760119940029985
3632,2.135895032802249
661,1.4285714285714286
1732,3.2516129032258063
3534,0.0
2528,1.5271739130434785
1407,3.259124087591241
480,2.2158054711246202
595,1.1885369532428356
2089,2.238095238095238
1157,0.0
635,2.0904761904761906
826,0.0
2855,1.8880813953488367
594,2.0180806675938805
3211,0.4077669902912621
1933,1.4444444444444444
817,0.9260065288356908
1606,1.6385911179173047
2066,1.5486993345432547
945,0.16666666666666666
986,2.027972027972028
3601,1.5354523227383865
573,2.310924369747899
1021,2.0454065469904963
1808,2.5971269296741
1169,1.0080645161290325
2186,1.5366430260047281
3132,1.886402753872633
2453,1.6273584905660377
2451,1.57
2880,1.5356037151702786
1723,0.0
1060,2.0
3098,1.3615819209039548
948,0.0
3548,0.0
2098,4.8902439024390265
1198,1.9502515371716045
3586,1.7363013698630136
811,2.2203618687550635
3127,1.7505422993492408
530,4.02
2020,1.521875
1101,0.0
1190,0.0
1733,0.0
3155,0.0
877,0.0
1207,1.5277777777777777
770,1.5394736842105263
2097,3.62
3207,1.6049382716049383
688,1.9560810810810807
2073,0.12280701754385966
797,1.8907692307692308
1529,1.4819717819195262
1236,2.4429683051812487
385,0.9
1564,1.4039301310043668
3039,1.6428571428571428
2222,3.0878378378378377
799,2.0664961636828645
1663,1.6
342,4.658064516129032
1478,3.247191011235955
91,6.989010989010987
1490,7.642857142857142
3516,0.0
2914,1.7040610275970385
1922,1.0
1885,3.1764705882352944
2741,1.6859004187994415
2260,1.0963597430406853
1076,3.036036036036036
1120,1.2250803858520902
1577,1.1283582089552242
2328,0.0
1406,3.8
1629,1.6703296703296704
1300,1.4640957446808511
798,2.7358490566037736
504,0.14285714285714285
2269,0.7341040462427746
472,2.3068181818181817
933,0.0
2095,0.2472324723247233
3032,1.8837209302325584
2761,1.345945945945946
1135,2.662415603900975
1328,1.0675355450236967
2563,98.66666666666669
1203,1.3542435424354244
1429,2.0
2616,1.6490683229813663
2065,1.4076029567053854
2134,1.3238095238095238
3044,0.0
1416,3.153122901276024
1794,2.77027027027027
2023,1.313253012048193
1659,1.3492063492063493
2976,1.0
3621,1.5842490842490842
525,4.479166666666667
3189,2.75
2801,1.6170731707317074
3000,1.821428571428572
2484,1.4891304347826086
1246,1.6185567010309283
2520,1.3861216076949503
2738,1.5900216919739696
1569,1.432193396226415
2988,0.0
1727,2.3468468468468457
911,2.9217081850533813
1141,1.935
3073,0.0
3399,3.0
679,1.8826291079812207
3,2.371794871794872
2612,2.927066450567261
2906,1.337465564738292
254,1.3333333333333333
2256,3.466666666666667
2624,3.7301587301587302
220,2.125
1081,1.583941605839416
1145,0.0
19,3.4586466165413534
1505,1.2713004484304933
1736,4.262626262626263
3503,1.286778398510242
1508,2.0
726,0.0
3231,0.5441370223978921
1515,2.1309823677581865
3449,1.7515923566878984
479,2.059222423146474
3071,2.5384615384615383
2074,0.9864406779661016
1910,1.0
178,0.0
1935,0.0
2507,1.2648936170212766
2576,10.456521739130435
1028,1.5531914893617018
3162,1.995833333333333
3614,1.8268551236749118
895,3.929460580912863
2929,2.0558375634517767
44,3.9618320610687023
1247,2.224857400180126
3230,2.744186046511628
3365,1.6188389923329682
3060,2.050561797752809
1448,1.2132564841498559
3296,2.3326414115204983
921,0.0
943,1.4956140350877194
2498,2.1020408163265305
450,0.0
3469,2.75
2032,2.1047693510555123
1951,2.341463414634146
2905,1.4008179959100204
1699,1.6003262642740617
1819,0.0
2038,1.2413793103448276
1056,2.8260869565217392
900,4.328621908127208
33,4.964285714285714
1846,1.859934853420196
2185,0.0
3432,0.0
3546,0.0
1675,2.0343642611683848
1251,1.8687845303867403
2426,1.8705035971223016
187,2.563953488372093
3165,2.6734192756292203
1956,7.461538461538463
2033,1.1594202898550725
277,2.0895953757225434
3397,1.9524809661328435
1343,1.2962962962962965
721,4.785365853658536
3279,1.9475308641975309
757,2.394572025052192
2868,1.0994152046783623
2146,1.7466007416563658
1235,0.8910065515187612
161,4.62962962962963
244,0.0
39,3.9440993788819885
2910,1.6826923076923077
1602,1.0303030303030305
1580,1.1536162582187688
2159,0.8333333333333334
3513,1.0520625889046942
724,4.206896551724138
1796,2.96829171621086
772,1.4303638644918444
1817,2.607843137254902
865,0.0
1454,1.5246636771300448
1646,1.1463878326996195
1294,1.36652977412731
790,2.220726783310902
3474,0.0
2194,0.0
1396,0.8909090909090909
2176,1.7323420074349445
936,1.2380952380952381
813,2.015845070422535
928,3.0813953488372086
2235,2.1198830409356724
815,1.800711743772242
2299,0.9982758620689656
1463,1.7800269905533064
849,1.5019157088122606
818,1.7206047032474805
1228,1.9650118203309688
1890,0.0
1658,1.955223880597015
1381,1.919571045576408
555,1.0825
188,2.022964509394572
2497,1.227405247813411
1044,0.0
1653,1.7850194552529184
478,0.0
2981,3.035971223021583
1082,2.6469135802469137
1959,0.8461538461538461
3352,2.1739130434782608
1277,0.8660436137071651
564,2.634441087613293
1847,2.077984817115252
2189,1.8502538071065997
3217,1.555299539170507
3535,0.0
497,0.0
972,1.4664634146341464
2630,2.0348837209302326
1040,0.9166666666666666
293,1.4349112426035502
2575,0.0
1638,1.3443354148082072
3598,0.0
3028,2.25
3140,0.0
368,0.0
3293,2.16225165562914
1138,2.0236220472440944
2390,0.9756592292089248
1861,2.3043478260869565
1193,1.1666666666666667
145,5.130434782608695
1419,0.0
418,1.0195272353545737
814,1.7973333333333332
608,2.4906166219839143
601,1.6607642124883504
444,14.484848484848484
97,32.75
2758,1.715890475076059
144,2.028776978417266
1121,1.1864406779661016
1878,2.8974358974358974
1149,2.312
853,1.751968503937008
1583,1.3221153846153846
1344,1.0256673511293637
456,1.8910411622276029
846,1.6981736622877284
1370,3.1724137931034484
6,12.306122448979592
3384,0.8485385296722764
2886,1.1666666666666667
3219,1.7287449392712548
565,3.971580817051509
1551,1.7203389830508475
270,1.5708712613784137
613,3.0
168,0.0
899,3.696969696969697
629,1.6303030303030304
3588,0.8494623655913979
3364,0.7130801687763713
3225,2.701015965166909
554,1.4760479041916168
134,7.886227544910178
1781,1.36
2878,1.7418032786885247
1356,1.7532188841201717
2468,1.7192336035372144
3502,2.0436974789915965
1440,2.3318777292576423
1671,1.3807106598984773
2931,2.1901639344262294
417,4.5
1766,4.278481012658228
3061,1.863157894736842
72,12.232876712328768
2293,1.16354556803995
1620,1.3116438356164384
1477,7.0
2211,2.4615384615384617
2479,0.0
516,4.2105263157894735
263,2.0244786944696282
2794,1.182815356489945
2364,1.563407550822846
2762,1.4444444444444444
1259,1.9191709844559584
205,2.950819672131148
3083,1.8095238095238089
1223,1.2283464566929134
3255,2.4662576687116564
1941,0.0
705,1.062015503875969
3176,2.0
240,1.7333333333333334
1787,2.342230695900858
3095,1.8947916666666669
1630,1.7800687285223369
84,0.0
1495,2.1623931623931623
3145,1.5166666666666666
3273,1.9589041095890407
2650,2.137123745819398
3102,1.691848906560636
1220,2.364963503649636
2152,2.174647887323944
1305,1.3953703703703704
3376,0.9355828220858896
458,1.8541329011345216
2059,1.5103448275862068
1660,1.8823529411764703
2890,1.2987164527421238
246,2.3920386007237635
131,6.342391304347826
2181,1.9842342342342345
3021,2.7349726775956285
95,0.0
1530,25.857142857142854
278,2.048387096774193
3537,0.0
2470,1.7717391304347827
1004,0.0
2736,1.2923433874709978
439,3.5593869731800765
870,2.0065502183406108
513,6.758823529411764
2636,3.3
2974,1.3669724770642202
442,0.0
2896,1.6403810531886742
532,3.2581395348837208
2867,0.8795986622073578
982,1.811764705882353
1582,1.3816254416961131
1413,1.4090909090909092
1128,1.6782407407407407
1230,3.3460774577954315
584,2.2728310502283104
3080,1.5294117647058822
1034,1.799601593625498
2996,1.55
1252,3.1020713750935864
3616,2.4442148760330578
2489,1.5717761557177616
3428,4.4
2342,1.7387661843107387
361,1.6262295081967213
779,1.4104046242774566
3247,1.2857142857142858
2663,1.5203761755485894
1411,1.0
869,1.9047619047619049
874,2.174468085106383
3033,2.8
333,18.894736842105264
2946,1.4242424242424243
1678,2.322834645669291
743,7.4880546075085315
703,1.602373887240356
218,0.0
518,4.7227722772277225
1066,1.2506738544474394
431,1.5813953488372092
2261,0.0
255,2.5517241379310347
1382,0.0
1073,2.793372319688109
2750,1.6217765042979944
2640,1.5331868131868132
2050,0.25
1752,2.739344262295082
1456,1.9604957397366385
2676,2.5928338762214977
1474,1.8232662192393736
1914,2.1846153846153844
2320,1.963265306122449
394,0.0
1579,1.1090909090909091
547,1.0196078431372548
1254,2.3156499349937545
1963,23.0
3386,1.1768990634755463
2102,1.875
2388,1.5675675675675675
2317,9.289156626506024
2735,2.39009900990099
3266,2.0
1313,1.4206128133704736
2596,4.393939393939394
2997,1.8571428571428568
3495,1.1140350877192982
66,1.9761431411530808
3237,2.3157894736842106
2435,1.9408099688473517
2466,1.8564814814814807
2860,1.7747163695299837
2547,118.14285714285714
67,0.0
3593,2.0813397129186604
232,0.4647887323943662
3467,1.6958904109589041
1075,2.243732590529248
2752,1.7662650602409635
2254,7.033333333333332
2483,1.1232876712328768
1973,0.0
340,0.0
291,0.0
1690,1.5870841487279843
2444,2.41027801179444
96,1.9208103130755063
1745,1.721476510067114
3214,0.5
2486,2.0
390,0.0
300,1.6763378465506125
3291,2.032490974729242
1628,1.3941068139963169
626,1.8644736842105265
1453,2.145833333333333
151,7.0
1055,2.9398496240601504
792,2.0309734513274336
970,1.4267399267399268
903,0.0
2943,1.2547425474254743
977,4.4230769230769225
587,1.9379727685325263
328,8.068181818181818
2111,1.2492668621700878
296,1.6565836298932384
1110,2.220657276995305
2000,1.2763819095477391
1402,3.1319444444444446
1709,4.044444444444443
2565,2.384199864956111
1869,2.2448979591836733
2814,2.083802376485304
3464,1.8439849624060147
3306,1.346666666666667
76,1.8670547514159848
3198,1.4300518134715026
1643,1.7545004228585237
3208,0.6622807017543859
932,1.375
2306,0.9813333333333332
659,1.360248447204969
2840,1.3636792452830189
1311,1.3952879581151831
2158,1.7222222222222223
3274,1.8731082654249127
1792,2.318987341772152
2124,1.2839506172839503
3303,2.4150470219435736
994,0.0
1298,1.387047031611411
1392,0.5555555555555556
3610,1.820253164556962
179,0.0
2022,1.3089519650655022
101,4.604395604395603
3468,1.4262711864406783
2070,1.5656016315431682
1281,1.097053726169844
2694,2.590579710144928
927,2.3114754098360657
387,7.0
3391,1.9631268436578169
2601,5.257142857142857
1089,0.0
1791,2.7765017667844525
1903,3.0332640332640333
2404,2.0
1249,1.41948629291183
156,4.260869565217392
415,1.6666666666666667
1102,0.8266978922716628
215,8.227272727272727
142,0.6279491833030852
1154,1.5602836879432624
1099,0.0
2521,1.2744886975242196
2491,0.08695652173913042
130,7.96969696969697
1866,2.4265402843601898
3505,1.3068592057761732
2093,0.0
1712,1.5555555555555556
1094,2.336322869955157
400,1.7142857142857142
1925,1.195121951219512
2361,1.6881720430107527
3475,1.4064997336174747
2945,1.7590711175616836
763,3.4260089686098656
2637,1.2256033578174186
315,0.0
2597,1.087012987012987
290,1.6053268765133173
1296,1.5949764521193093
1518,16.0
2135,1.7652561247216036
3168,3.1256906077348066
695,1.7064744909631664
3262,1.167487684729064
1600,1.4162895927601808
1679,1.5622317596566524
2056,1.6464530892448512
568,2.0103092783505154
2369,3.6779661016949152
2322,4.503937007874017
195,0.0
654,0.0
2332,1.0752941176470587
665,1.5977653631284916
2172,1.577319587628866
3096,1.5139949109414759
3320,1.2413793103448276
1946,0.0
2622,3.6534090909090913
720,6.082142857142857
1821,1.369607843137255
1162,2.156862745098039
1534,1.829268292682927
1965,6.0
1351,1.3225806451612905
955,3.5539358600583086
2571,176.0
45,5.215962441314554
3163,2.1578947368421053
2747,2.1174289245982694
2401,30.0
3107,1.6826265389876882
3372,2.150943396226415
1139,1.8630849220103989
1986,3.8294797687861273
3260,2.256317689530686
1104,1.7924528301886793
1150,2.2389597644749752
507,4.385185185185185
2309,0.9795673076923076
2407,1.7956204379562044
2848,1.1737089201877935
3150,8.0
1030,1.8880813953488367
2926,1.3611111111111112
562,1.2429042904290428
2533,1.6666666666666667
1460,1.3844138834315651
1803,1.6973684210526316
1051,2.4454545454545453
2096,3.3832335329341316
3246,1.2525083612040129
54,0.0
2192,2.0150753768844223
372,3.0985915492957745
2488,2.2105263157894743
603,1.5229885057471264
3030,0.3793103448275862
1486,0.0
1981,3.5
694,1.3886462882096071
1665,0.7058823529411765
1536,3.1953125
2285,1.258222533240028
2998,1.2027397260273969
778,0.7860082304526749
2025,1.997849462365592
3523,1.1092436974789917
3403,1.3956204379562045
947,0.5
1160,1.6388888888888888
2815,1.6560636182902584
284,1.6141732283464567
2230,1.4394865525672371
767,4.2626970227670755
2132,1.3879472693032016
1775,0.3
3204,1.5862068965517242
17,4.151515151515151
1673,1.5
2780,1.6590214067278288
1561,0.8062234794908062
2180,1.971758664955071
2773,1.3718836565096952
794,1.5990939977349945
2864,1.2348224513172967
2583,0.0
2200,1.7671620665251238
2907,1.2666666666666666
1798,0.1129032258064516
3183,2.2390243902439027
1018,2.1650631389055923
698,1.8867924528301887
436,0.3076923076923077
893,0.0
1735,5.48
2656,3.316666666666667
473,1.816143497757848
2568,9.0
3608,2.016338298894762
3153,0.0
627,2.50561797752809
3121,1.5952380952380951
1341,2.3793103448275863
1083,1.5944055944055944
369,1.2624584717607974
3636,1.7722419928825623
1958,2.6578947368421053
534,3.1493506493506493
1334,0.4858490566037736
1174,1.5061475409836065
1945,2.0
170,3.1956521739130435
2131,1.5434888635994148
1047,2.7225063938618925
2874,1.6323987538940812
3229,0.0
2774,1.5093666369313112
572,3.0027247956403267
1070,2.718397510696227
1148,2.164189667374381
2246,0.184981684981685
843,1.8958333333333333
2725,2.213675213675214
2202,1.8333333333333333
3356,2.9647398843930635
804,1.5786593707250345
1532,0.25
2232,2.6491803278688524
64,19.095238095238095
2187,2.109546165884194
2651,3.346938775510204
2765,1.9152542372881358
607,2.5041122399612967
2109,0.0
41,14.96875
1130,2.075124378109453
2127,4.553398058252427
3556,0.0
1482,1.8474025974025967
965,5.098648648648648
1200,1.8636363636363635
2262,1.0986547085201794
1806,2.704301075268817
934,0.9272151898734176
1393,1.8641509433962264
2953,2.026809651474531
1919,2.6972477064220177
1744,2.3
3591,1.4285714285714286
1445,0.6525679758308157
1652,0.0
1513,2.3481012658227853
2118,1.4622222222222223
1523,1.1706948640483383
1166,2.1901639344262294
2776,1.4912280701754386
3024,3.5058365758754864
2903,0.9090909090909092
2610,2.8863636363636362
440,0.0
3424,2.0
1035,2.193793103448276
2835,1.3622047244094488
755,3.967924528301887
2965,1.8636363636363635
2742,1.8887343532684284
667,1.0054945054945057
2376,4.382352941176471
2823,1.4574314574314575
258,2.5966101694915253
1684,1.7675159235668791
2834,1.1896392229417203
550,1.0241691842900302
3618,0.2222222222222222
622,2.2096403978576893
3410,1.213314037626628
3341,3.0135440180586905
1972,7.404761904761906
3101,0.0
2204,2.8983957219251337
2515,2.1818181818181817
2626,2.083333333333333
3144,3.195804195804196
983,3.1904761904761907
1309,1.4429133858267718
1333,0.6834532374100719
3521,1.2349624060150377
1537,3.91025641025641
468,2.2218120805369126
3031,1.7401574803149606
1377,2.5521978021978016
2413,2.0865152247462544
1436,0.0
1610,0.0
2720,1.4977777777777783
2041,0.972027972027972
510,3.3375
3241,1.9162520729684909
56,10.0625
208,6.75
683,1.9216384683882457
3635,1.6091954022988506
3099,1.375
2241,0.9478079331941544
981,3.6666666666666665
1595,0.0
2697,2.548192771084337
827,1.6542553191489362
3409,1.1865828092243187
2162,0.6842105263157895
3405,1.1451612903225807
1431,0.0
2042,1.0
1875,0.8333333333333334
356,4.521739130434782
2217,0.6514084507042254
1510,1.7584541062801933
3541,0.0
967,5.5437262357414445
2331,1.178082191780822
677,1.4384615384615385
477,2.4713983050847457
1286,1.5091743119266054
2366,1.5184210526315791
1439,1.5236768802228409
559,0.4553571428571429
1290,0.0
3629,2.064748201438849
2683,1.1489001692047378
2559,11.252747252747254
1900,0.0
3045,0.0
1611,0.0
1437,1.4262295081967211
1693,1.4166666666666667
3346,2.1405940594059407
691,1.6455223880597014
3209,0.6979166666666666
1127,0.0
3085,0.0
2229,1.5151802656546491
604,0.0
416,2.1184120465434635
1449,1.4615384615384617
3324,1.9922178988326849
68,5.336601307189542
2526,1.3195020746887969
2540,0.0
2530,1.3214285714285714
2719,1.7407407407407407
2282,0.0
653,2.402941176470588
2858,1.5865302642796248
561,1.0
996,2.0235934664246824
1923,2.793333333333333
1651,0.0
1270,1.3494505494505495
2732,1.9602941176470587
2223,0.0
2439,1.8948863636363635
2802,1.6324786324786325
1591,1.806451612903225
560,0.328042328042328
358,6.126984126984127
3473,1.0930232558139534
1215,2.0717131474103585
3249,1.3021582733812949
2675,2.172503242542153
708,1.9887820512820515
1871,1.8545454545454545
1548,1.1666666666666667
49,2.9696969696969697
121,1.3540856031128403
2863,0.8961881589618816
3538,0.0
885,4.035714285714286
935,3.8974358974358982
3633,1.5590599876314162
1033,1.6440677966101696
2866,1.5317073170731708
1842,2.1924019607843137
1772,1.8358208955223885
2722,1.9982394366197185
1103,1.5551330798479088
1410,0.0
1399,3.0267379679144386
892,0.0
2779,1.6216617210682494
1274,1.5357561547479484
2671,2.730538922155689
1677,1.94142259414226
2861,1.3885630498533723
3233,1.5753424657534247
1284,2.1451612903225805
99,0.0
1716,3.1284403669724767
1539,0.8260869565217391
1662,1.7627118644067796
2915,1.7268041237113405
491,1.1886792452830188
3288,2.124760076775432
3605,1.4681818181818185
3205,1.6345454545454543
2625,2.577132486388385
979,1.587719298245614
2024,1.9380825565912119
3504,1.1721170395869192
104,36.27272727272727
2897,1.7529486770800131
2726,1.8691729323308268
1462,1.531486146095718
3402,1.301980198019802
2334,0.9269776876267748
526,2.0
2727,0.0
75,3.2803970223325063
1479,1.8461538461538465
329,4.689320388349515
120,2.2442307692307693
1214,0.7495219885277247
750,1.8977556109725688
793,1.7953296703296704
2292,2.0
3582,0.0
3267,2.0
454,6.084337349397591
2238,1.5476190476190477
2753,2.0739726027397256
1686,0.10504201680672268
1357,1.4456521739130437
1863,2.494613434727503
1576,0.9889958734525448
585,6.817777777777778
3396,1.8309070548712203
783,1.366742596810934
2628,1.713768115942029
2271,0.5037593984962406
3566,0.0
279,1.7622699386503067
1563,1.4049180327868849
1834,0.8156424581005587
3256,2.985074626865672
1131,2.5429047486809218
989,0.0
380,0.0
1225,3.4129692832764507
742,7.987012987012987
1171,0.8841201716738197
1287,1.3444108761329303
2325,12.9375
871,1.4177419354838707
3289,1.5437262357414452
2805,1.5593667546174141
1088,2.152941176470588
2938,0.0
464,2.282694848084544
1105,1.8564814814814807
2177,1.7791601866251945
253,0.6889312977099237
2346,2.9709762532981534
116,8.214285714285714
1189,1.881469115191987
1310,1.4800759013282732
3295,2.35
1133,2.088646967340591
930,2.7279411764705883
3142,2.335989375830013
3182,2.4461538461538463
2015,2.127906976744186
9,70.625
1983,0.0
2252,1.2607843137254902
2323,5.8686868686868685
3619,2.625
944,1.5859375
1692,1.586576424139876
2220,0.603448275862069
3194,2.672727272727273
3125,2.09375
3439,1.8203753351206435
1971,2.3846153846153846
275,1.2282019190654985
2017,1.7358490566037736
2963,1.9502515371716045
2766,1.6109537299338998
1807,2.306590257879656
717,4.4444444444444455
1072,1.9444444444444444
2363,1.4782608695652173
2619,3.740143369175627
3326,1.4299674267100977
2434,1.9949238578680204
918,4.494475138121548
3084,0.0
1896,2.382608695652174
3472,1.5948051948051951
177,0.5
764,5.113207547169812
670,0.9252873563218392
2674,3.439739413680781
3624,1.9352226720647767
756,7.230769230769233
1068,1.99250936329588
3533,0.0
898,2.6887755102040822
960,1.3034300791556728
2975,1.4972527472527473
3486,0.616
1493,3.0
2591,0.0
791,2.404802744425385
1920,2.0
697,1.6765327695560253
1007,1.7014563106796117
3379,0.0
2751,1.3266666666666669
123,1.0
775,1.6500691562932226
1362,1.5193905817174516
2092,2.727272727272727
1944,0.0
1802,1.8598130841121496
2312,0.0
3304,2.7050147492625367
2512,1.558645707376058
2517,1.3618556701030928
693,1.3141361256544504
321,1.3893805309734513
1676,1.7296248382923674
522,7.735849056603772
310,1.4667503136762858
2838,0.0
2648,3.8449101796407184
1543,1.129496402877698
2811,0.0
884,4.006849315068493
638,1.9209621993127148
1202,1.85720823798627
3575,0.0
3036,0.0
2179,1.9971297359357063
2396,1.695752009184845
3063,1.9718875502008035
3106,1.3474088291746642
1020,2.144120707596254
692,1.3761061946902655
3079,1.2633788037775446
326,3.1280788177339898
819,1.4680851063829787
395,0.0
1509,1.8390532544378704
3565,0.0
1487,0.0
3368,1.1981981981981982
1424,3.7772925764192142
1826,5.0
2343,2.3776091081593926
2371,3.5294117647058822
2051,1.1724137931034482
3160,8.777777777777779
611,1.5
1742,0.3314917127071823
1347,1.1536259541984732
1444,1.3522727272727273
2250,2.006530127634313
2499,1.6016260162601623
1196,1.7155963302752293
82,9.43421052631579
1778,0.5
733,3.744094488188976
3515,1.4569420035149383
2438,1.3890675241157555
1587,1.5754132231404958
2844,2.0103397341211227
1379,1.0967741935483872
1949,3.3650793650793656
1231,1.1810642709053214
3077,2.0
2244,0.9934800325998372
421,3.071428571428572
2882,0.9675925925925926
2927,2.156862745098039
2087,1.181818181818182
3138,2.1384615384615384
1855,1.804093567251462
1023,2.243809523809524
2764,1.45822102425876
868,1.5931105047748977
2259,0.7685950413223142
2721,2.710144927536232
1906,3.2133333333333334
2219,0.677570093457944
2166,0.0
1990,0.0
2039,1.9866666666666664
1061,0.0
1942,1.0
3206,1.7158878504672896
3290,1.735042735042735
1533,1.52880658436214
3490,1.0447284345047922
3508,1.2727272727272727
3585,1.4768946395563771
3312,2.5875
1324,3.2460732984293195
1098,3.0674157303370784
365,1.3991655076495133
1695,2.2849162011173183
2514,0.04
2198,1.8476190476190482
3313,2.6735294117647057
2469,17.142857142857142
1414,1.4178321678321684
2934,1.0080645161290325
2493,1.4045801526717556
662,1.82089552238806
2316,5.2317073170731705
589,1.776536312849162
2798,1.3465189873417722
1962,0.0
2809,1.1313868613138691
2853,1.4890986007159128
1122,1.13180169286578
318,1.911578947368421
252,2.0637522768670307
2428,2.3541666666666665
1711,2.6666666666666665
2739,1.68
620,1.5240963855421688
3319,0.9933993399339934
1147,1.75
2893,1.6434108527131783
1617,0.9016736401673641
1664,1.2419354838709675
3462,0.0
3013,5.4
1417,0.775
681,0.0
3137,1.565365025466893
1465,2.8830645161290325
3250,1.0909090909090908
424,1.1623376623376624
2084,1.5912408759124088
172,4.954545454545454
3348,2.231638418079096
2449,0.0
2286,1.312704552216602
114,2.463815789473684
1641,1.4536793026555848
2002,1.0804597701149423
206,0.0
3027,2.4375
1491,11.647058823529413
1276,0.7802197802197802
425,1.5581395348837208
323,1.3414634146341464
3555,0.0
2415,1.6428571428571428
1640,0.0
1017,1.971789161098738
2555,215.0
2673,2.589322381930185
1222,1.7069271758436946
1271,1.5276967930029155
3258,2.427083333333333
641,1.5681818181818181
305,1.8586666666666667
243,2.346530920060332
1434,1.9957081545064377
3374,1.4867424242424243
1163,1.8911764705882352
81,9.9
3011,0.6666666666666666
1285,1.34805890227577
1369,1.4249605055292258
1998,0.8181818181818182
2757,0.5827814569536424
1297,1.90715667311412
689,1.6442125237191652
427,2.896860986547085
314,1.5278688524590165
3235,1.28954802259887
1195,1.5084745762711864
1996,1.7907692307692311
351,11.31372549019608
3539,0.0
2695,2.4056939501779357
1307,0.0
2474,7.647058823529411
3528,0.0
1488,0.9501718213058421
3388,1.3872308273517189
762,3.6120917917034414
1876,2.558376305698797
2171,0.9200438116100766
1928,2.0
2236,1.7103321033210332
1432,0.631578947368421
531,3.310756972111553
738,4.934707903780068
1326,4.404255319148937
3197,0.3448275862068966
651,2.0200856108001317
2670,2.0044642857142856
2173,2.1631912964641886
2936,0.8841201716738197
808,2.0734939759036144
1531,1.6221518987341772
3113,2.1392405063291138
887,4.044585987261146
3103,1.5995316159250583
730,2.513409961685824
3563,0.0
598,1.3134715025906736
3606,2.0748502994011977
377,5.4226804123711325
3594,2.1111111111111107
2318,1.8496732026143792
2360,14.571428571428573
1226,0.8645690834473324
437,1.4533479692645443
3557,0.0
2355,1.9211618257261407
20,4.476190476190476
180,1.387205387205387
1146,2.079663212435233
2523,0.0
3076,1.2932692307692308
327,4.5234375
543,3.2259887005649714
3223,1.7258064516129032
3019,0.0
2372,48.90909090909091
978,3.8717105263157885
487,3.7798634812286687
1238,1.981060606060606
2714,1.2692307692307692
3481,1.5548098434004474
157,3.4271356783919598
21,3.716262975778547
1109,2.0313901345291483
2842,1.254863813229572
1873,0.0
1633,1.2208530805687203
1408,0.0
2693,2.6944444444444446
273,0.0
1331,0.7526881720430108
1734,2.952
1840,1.318289786223278
2839,1.451761102603369
2340,2.2065727699530515
1112,1.5625
3130,2.478688524590164
1137,3.5555555555555562
904,7.956521739130435
1721,0.5142857142857142
3628,2.2184945023963922
2708,2.015094339622641
3414,1.319148936170213
2932,1.9709228824273075
2078,1.6524590163934427
1405,2.2935897435897434
24,0.0
92,4.879828326180258
1750,4.516339869281046
238,2.1748633879781423
1485,7.333333333333332
2442,2.016460905349794
1199,1.9515738498789343
2599,2.7804878048780486
299,1.7368421052631582
2391,1.5727590221187426
1921,2.640062597809077
602,1.8087912087912088
578,2.575657894736842
15,2.37007874015748
3186,2.9481865284974087
2145,1.5517241379310345
1931,1.056470588235294
51,4.819148936170213
2649,2.7218543046357606
3445,1.7016949152542367
1026,2.8125
28,3.388059701492537
2310,0.0
2900,1.9035532994923856
3363,0.0
1588,1.2838709677419355
1970,2.636363636363636
3109,1.7869974337040204
785,1.0477386934673367
3285,2.2481315396113604
1240,2.8954393770856512
3603,3.0686274509803924
3161,1.217616580310881
2327,29.0
862,1.8239467849223947
196,6.258862324814509
3597,0.0
722,1.3920704845814975
501,4.798165137614679
2709,1.7818181818181815
143,4.875
1385,1.36
2705,1.6769759450171822
1993,2.198224852071006
3531,0.0
839,1.562111801242236
671,0.0
3512,1.2902439024390244
2808,1.2469437652811737
158,1.862068965517241
280,0.0
2923,0.0
3131,1.8625592417061607
1471,1.6006825938566551
2641,0.7543859649122807
2778,1.2469437652811737
3227,1.9458544839255496
3420,1.3954041204437402
3453,0.34375
3510,0.9784172661870504
236,2.0103359173126614
214,5.282296650717703
1550,1.360242179616549
2418,45.0
3040,2.5217391304347827
3257,3.0469798657718123
2034,1.1379310344827591
155,3.7375
169,1.8728813559322035
2142,3.1164021164021163
1428,2.0
2175,2.1538461538461537
26,4.236111111111111
272,2.0
925,3.632850241545893
1953,4.740088105726874
574,9.377675840978592
2740,1.5560975609756098
3048,1.6206896551724137
336,0.5294117647058824
1425,2.4324324324324325
1302,1.2890295358649788
533,4.130730050933786
1801,1.909502262443439
5,3.6267942583732062
2275,0.9634831460674156
2588,0.0
197,0.14705882352941174
769,1.6833013435700577
203,4.250896057347672
493,7.725
289,0.0
1682,1.421487603305785
2531,1.243353783231084
3369,1.3016877637130801
3529,0.0
2307,3.2
268,1.7015209125475286
1737,4.791304347826087
512,3.0346820809248567
1731,2.5544554455445545
1217,1.3666666666666667
913,19.0
740,2.8156424581005584
1342,1.1240208877284594
614,1.0
2554,0.5
234,0.0
3622,1.5945273631840795
1420,2.406952965235173
3444,0.0
2324,15.0
2570,0.05555555555555555
3193,2.3285714285714287
60,16.764705882352942
1194,1.714705882352941
3540,0.0
410,1.8571428571428568
2728,2.034108527131783
736,4.5479452054794525
3422,1.0059701492537314
1547,0.0
2302,1.303270564915758
85,3.271816881258941
718,2.732558139534884
1661,1.6953271028037382
63,23.8125
1390,0.7
1125,2.686678352322524
1059,0.0
1459,1.3523523523523524
2979,0.7495219885277247
3377,1.0186046511627906
1938,1.7826086956521738
949,0.0
2539,779.0
2881,1.1488095238095235
43,3.3529411764705883
897,5.3921568627450975
3088,1.5681818181818181
283,2.169971671388102
579,2.235487404162103
1943,1.5454545454545454
3281,1.9442675159235667
1320,1.0
3055,0.0
1458,1.1801242236024845
3243,1.6666666666666667
1142,2.075484011311725
860,1.150709219858156
3525,1.1009009009009008
2227,3.721461187214612
645,2.0
1372,2.0359116022099446
1960,3.8260869565217392
1683,2.0387096774193547
2949,1.8573743922204209
923,4.3865979381443285
907,3.9206349206349214
3577,0.0
90,5.1265822784810124
1467,1.8333333333333333
1612,0.0
2347,2.86046511627907
2990,1.9377990430622007
435,0.0
1761,4.0098039215686265
666,1.6894736842105262
976,2.5448113207547167
1052,0.0
1835,3.0
2525,2.0
2951,1.5696969696969696
2919,1.4124168514412416
1260,0.6649874055415617
787,1.3659638554216869
3547,0.0
3532,0.0
2072,2.160270880361174
1016,2.193640246796393
2916,1.4202334630350195
3001,3.0
13,1.75
74,3.4267241379310347
1566,0.0
1244,3.643037974683544
3519,1.730582524271845
1538,1.48
2245,1.5720338983050848
1250,7.505784526391902
1067,1.699481865284974
1348,4.456252213956784
3212,0.0
3381,1.3613963039014374
566,1.7715617715617715
858,1.4840116279069768
2961,1.7155963302752293
924,5.006756756756757
2188,1.1333333333333333
2291,0.4566037735849057
1884,2.5526315789473686
2789,2.18728323699422
355,3.803814713896458
3426,1.7142857142857142
3440,1.6572890025575449
2421,47.93333333333333
3612,1.785270629991127
2352,2.8363636363636364
1232,1.9063052445492048
176,2.6111111111111107
1627,1.7390180878552972
2841,1.5988819007686932
1079,3.213483146067416
452,2.8851727982162765
2790,1.1224018475750577
2768,0.8076923076923077
2433,1.6633416458852868
1143,2.2014388489208634
302,2.0212224108658745
2698,1.817891373801917
699,1.893207410098075
1795,2.1468253968253967
2128,2.6009708737864083
521,11.475903614457831
2713,0.7272727272727273
3637,3.1136363636363638
1374,1.3571428571428572
3408,1.3526876842821502
883,4.410774410774411
2609,2.9161676646706587
1918,0.0
2828,0.0
3009,2.593406593406593
985,4.290196078431372
2854,1.4444444444444444
711,0.411214953271028
2462,1.776536312849162
2336,2.0928961748633883
3201,0.0
2120,13.0
159,2.368932038834952
3020,2.625994694960212
344,2.29281767955801
1502,1.6551724137931034
1994,1.3475177304964538
1181,1.4242424242424243
748,2.560655737704918
2819,1.2617702448210923
3277,2.5749318801089918
1729,3.0326797385620914
669,1.125
3415,1.1300859598853867
1496,3.337579617834395
552,1.1719367588932803
992,1.55
2170,1.5034965034965035
103,37.7
2481,1.5714285714285714
520,5.8034934497816595
432,8.0
3496,1.4272608125819135
1886,0.0
1208,1.2166666666666666
2129,0.5837988826815642
1008,1.16
505,1.0
2522,1.5530243519245877
2326,8.888888888888891
752,2.6189024390243905
2257,0.0
1632,3.0
3316,2.6732954545454546
483,3.9760319573901466
1814,4.0
3265,0.0
378,1.9565217391304348
615,0.0
1144,2.2582508250825084
3362,0.0
905,6.429967426710098
2606,2.75
2112,2.7941176470588243
2281,1.4105520273571084
878,1.4971319311663482
1668,1.494143892916899
2206,0.0
2980,2.188328912466844
